{"map": 0.05583351105451584, "map_50": 0.12218083441257477, "map_75": 0.05183038488030434, "map_small": 0.0, "map_medium": 0.01373383216559887, "map_large": 0.18292328715324402, "mar_1": 0.07032628357410431, "mar_10": 0.20728550851345062, "mar_100": 0.2569107115268707, "mar_small": 0.0, "mar_medium": 0.19447849690914154, "mar_large": 0.37566137313842773, "map_bicycle": 0.4523809552192688, "map_bird": 0.2646825313568115, "map_car": 0.3185185194015503, "map_chair": 0.0, "map_dog": 0.0058823530562222, "map_person": 0.5}