{"map": 0.0035285763442516327, "map_50": 0.013637891970574856, "map_75": 0.0003936193243134767, "map_small": 0.0, "map_medium": 0.004846127703785896, "map_large": 0.01466082688421011, "mar_1": 0.0025793651584535837, "mar_10": 0.02447867952287197, "mar_100": 0.06195533648133278, "mar_small": 0.0, "mar_medium": 0.07711711525917053, "mar_large": 0.15833333134651184, "map_bicycle": 0.0, "map_bird": 0.23055556416511536, "map_car": 0.0, "map_chair": 0.0, "map_dog": 0.1411764770746231, "map_person": 0.0}